file,bytes,sha256
README.md,3746,5ea640017506d47934cb8ab377b1e80b80e05053171d0b83bf9f526c43ada577
data/fault_events_ground_truth.csv,2165,6aa1ce4ed7fb9f409d8f8187135fbbf52b9d13205b161bbde1d0185c879b6a9f
data/synthetic_telemetry_clean.csv,38101888,ae9f5bf94873d8b140b24459dd977ec08106392a5e2cf091f0750fa80664c504
data/synthetic_telemetry_imperfect.csv,40494858,7dcbc6fdf3f435a0cd28fd521cc8e5e14d8bdbbbede7f032a49e0167f0ebe4c7
docs/DATA_CARD.md,1248,29b439a4d75494d8e34ea04bbea8c9432d1fdc12d0f430fcea52ae2786ef8434
docs/MODELING_GUIDE.md,1095,16db9fd6b6142e1e29da84a68f80d5755506e80b83f2ebac8e1765222168b2b5
metadata/dependency_graph.csv,601,e5ba0be6f3b18ef62b0b18986bf42d63cdd952d8e521afb0e8357592073686c7
metadata/nasa_telemanom_labeled_anomalies.csv,3955,d6f3e15a7ec5844ef43f458a2763a81ee923cce7f9882ca2396f52acd09ce080
metadata/risk_action_rules.csv,882,fbf10b84e3d447d2fa8dec9f67c9483b47d8c1ced204fcc9e3e0537a41f5b77d
metadata/signal_catalog.csv,1153,b58e1c1674ce086bbc85ee06a199095dc3530f8a596d300e5a1a9101384f5018
scripts/download_nasa_telemanom.py,972,40c97a94836135c4de801858020a7dac2f5121f9702594d0a2c3160712c486d5
