model,budget,threshold,val_fp_per_day,events_detected,recall,mean_delay,precision,f1
Ridge (Primary),0.5,1.5109994686935952,0.3715649593600826,8,1.0,20.75,0.6666666666666666,0.8
Ridge (Primary),1.0,1.4119349578174145,1.2075861179202685,8,1.0,19.75,0.38095238095238093,0.5517241379310345
Ridge (Primary),2.0,1.3531584300416972,1.9507160366404335,8,1.0,7.25,0.27586206896551724,0.4324324324324324
Ridge (Primary),5.0,1.2775924468879076,4.551670752161011,8,1.0,7.125,0.14035087719298245,0.24615384615384614
GRU (Comparison),0.5,1.0582025636790766,1.2075861179202685,6,0.75,8.5,0.3157894736842105,0.44444444444444436
GRU (Comparison),1.0,1.0519136635751907,1.7649335569603923,7,0.875,18.714285714285715,0.2692307692307692,0.411764705882353
GRU (Comparison),2.0,1.042390500468439,3.2511933944007225,7,0.875,18.714285714285715,0.16666666666666666,0.27999999999999997
GRU (Comparison),5.0,1.0280691436950096,6.966842988001549,7,0.875,13.428571428571429,0.08536585365853659,0.15555555555555559
Z-Score Baseline,0.5,2.3145139468426925,0.9289123984002065,8,1.0,19.125,0.4444444444444444,0.6153846153846153
Z-Score Baseline,1.0,2.277660674829258,1.6720423171203715,8,1.0,18.75,0.3076923076923077,0.47058823529411764
Z-Score Baseline,2.0,2.2388988497279048,2.87962843504064,8,1.0,17.25,0.20512820512820512,0.3404255319148936
Z-Score Baseline,5.0,2.1573341751024975,7.059734227841569,8,1.0,15.875,0.09523809523809523,0.17391304347826084
