fault_id,start_row,end_row,source_subsystem,fault_type,affected_signals,split,peak_delta,hi_limit,lo_limit
INJ_SUB_000,4125,4137,RADIATION,subsystem_fault,radiation_rate_counts_s,injected_train,,,
INJ_SUB_001,8865,8927,RADIATION,subsystem_fault,radiation_rate_counts_s,injected_train,,,
INJ_SUB_002,8505,8581,POWER,subsystem_fault,power_bus_voltage_V;power_bus_current_A;solar_array_current_A;battery_soc_pct,injected_train,,,
INJ_SUB_003,13655,13702,COMPUTE,subsystem_fault,cpu_utilization_pct;memory_utilization_pct,injected_train,,,
INJ_SUB_004,7761,7836,RADIATION,subsystem_fault,radiation_rate_counts_s,injected_train,,,
INJ_SUB_005,12271,12334,COMMUNICATIONS,subsystem_fault,comm_rx_dbm;comm_tx_dbm;packet_loss_pct,injected_train,,,
INJ_SUB_006,13903,13947,COMPUTE,subsystem_fault,cpu_utilization_pct;memory_utilization_pct,injected_train,,,
INJ_SUB_007,1772,1812,THERMAL,subsystem_fault,battery_temperature_C;eps_temperature_C;payload_temperature_C;radiator_temperature_C,injected_train,,,
INJ_SUB_008,12173,12228,THERMAL,subsystem_fault,battery_temperature_C;eps_temperature_C;payload_temperature_C;radiator_temperature_C,injected_train,,,
INJ_SUB_009,2533,2597,THERMAL,subsystem_fault,battery_temperature_C;eps_temperature_C;payload_temperature_C;radiator_temperature_C,injected_train,,,
INJ_SUB_010,5765,5811,ATTITUDE,subsystem_fault,imu_accel_x_mps2;imu_accel_y_mps2;imu_accel_z_mps2;gyro_x_deg_s;gyro_y_deg_s;gyro_z_deg_s;reaction_wheel_speed_rpm,injected_train,,,
INJ_SUB_011,10569,10635,THERMAL,subsystem_fault,battery_temperature_C;eps_temperature_C;payload_temperature_C;radiator_temperature_C,injected_train,,,
INJ_SUB_012,3987,4023,THERMAL,subsystem_fault,battery_temperature_C;eps_temperature_C;payload_temperature_C;radiator_temperature_C,injected_train,,,
INJ_SUB_013,1071,1119,THERMAL,subsystem_fault,battery_temperature_C;eps_temperature_C;payload_temperature_C;radiator_temperature_C,injected_train,,,
INJ_SUB_014,8671,8752,PAYLOAD,subsystem_fault,payload_power_W;data_queue_MB,injected_train,,,
INJ_SUB_015,3238,3300,COMPUTE,subsystem_fault,cpu_utilization_pct;memory_utilization_pct,injected_train,,,
INJ_SUB_016,13456,13466,PAYLOAD,subsystem_fault,payload_power_W;data_queue_MB,injected_train,,,
INJ_SUB_017,3501,3553,ATTITUDE,subsystem_fault,imu_accel_x_mps2;imu_accel_y_mps2;imu_accel_z_mps2;gyro_x_deg_s;gyro_y_deg_s;gyro_z_deg_s;reaction_wheel_speed_rpm,injected_train,,,
INJ_SUB_018,1009,1041,RADIATION,subsystem_fault,radiation_rate_counts_s,injected_train,,,
INJ_SUB_019,11172,11260,PAYLOAD,subsystem_fault,payload_power_W;data_queue_MB,injected_train,,,
INJ_SUB_020,5759,5799,COMMUNICATIONS,subsystem_fault,comm_rx_dbm;comm_tx_dbm;packet_loss_pct,injected_train,,,
INJ_SUB_021,392,445,COMMUNICATIONS,subsystem_fault,comm_rx_dbm;comm_tx_dbm;packet_loss_pct,injected_train,,,
INJ_SUB_022,2621,2732,COMMUNICATIONS,subsystem_fault,comm_rx_dbm;comm_tx_dbm;packet_loss_pct,injected_train,,,
INJ_SUB_023,1630,1664,THERMAL,subsystem_fault,battery_temperature_C;eps_temperature_C;payload_temperature_C;radiator_temperature_C,injected_train,,,
INJ_SUB_024,4425,4435,THERMAL,subsystem_fault,battery_temperature_C;eps_temperature_C;payload_temperature_C;radiator_temperature_C,injected_train,,,
INJ_SUB_025,3143,3176,POWER,subsystem_fault,power_bus_voltage_V;power_bus_current_A;solar_array_current_A;battery_soc_pct,injected_train,,,
INJ_SUB_026,3360,3429,POWER,subsystem_fault,power_bus_voltage_V;power_bus_current_A;solar_array_current_A;battery_soc_pct,injected_train,,,
INJ_SUB_027,11322,11387,ATTITUDE,subsystem_fault,imu_accel_x_mps2;imu_accel_y_mps2;imu_accel_z_mps2;gyro_x_deg_s;gyro_y_deg_s;gyro_z_deg_s;reaction_wheel_speed_rpm,injected_train,,,
INJ_SUB_028,12628,12714,THERMAL,subsystem_fault,battery_temperature_C;eps_temperature_C;payload_temperature_C;radiator_temperature_C,injected_train,,,
INJ_SUB_029,1729,1786,COMPUTE,subsystem_fault,cpu_utilization_pct;memory_utilization_pct,injected_train,,,
INJ_SUB_030,8111,8131,PAYLOAD,subsystem_fault,payload_power_W;data_queue_MB,injected_train,,,
INJ_SUB_031,13367,13421,COMMUNICATIONS,subsystem_fault,comm_rx_dbm;comm_tx_dbm;packet_loss_pct,injected_train,,,
INJ_SUB_032,3487,3550,COMMUNICATIONS,subsystem_fault,comm_rx_dbm;comm_tx_dbm;packet_loss_pct,injected_train,,,
INJ_SUB_033,1831,1878,PAYLOAD,subsystem_fault,payload_power_W;data_queue_MB,injected_train,,,
INJ_SUB_034,10015,10025,COMMUNICATIONS,subsystem_fault,comm_rx_dbm;comm_tx_dbm;packet_loss_pct,injected_train,,,
INJ_SUB_035,201,237,ATTITUDE,subsystem_fault,imu_accel_x_mps2;imu_accel_y_mps2;imu_accel_z_mps2;gyro_x_deg_s;gyro_y_deg_s;gyro_z_deg_s;reaction_wheel_speed_rpm,injected_train,,,
INJ_SUB_036,12133,12184,RADIATION,subsystem_fault,radiation_rate_counts_s,injected_train,,,
INJ_SUB_037,11816,11842,COMMUNICATIONS,subsystem_fault,comm_rx_dbm;comm_tx_dbm;packet_loss_pct,injected_train,,,
INJ_SUB_038,10589,10656,PAYLOAD,subsystem_fault,payload_power_W;data_queue_MB,injected_train,,,
INJ_SUB_039,3383,3414,COMMUNICATIONS,subsystem_fault,comm_rx_dbm;comm_tx_dbm;packet_loss_pct,injected_train,,,
INJ_SUB_040,9577,9653,COMMUNICATIONS,subsystem_fault,comm_rx_dbm;comm_tx_dbm;packet_loss_pct,injected_train,,,
INJ_SUB_041,13758,13801,POWER,subsystem_fault,power_bus_voltage_V;power_bus_current_A;solar_array_current_A;battery_soc_pct,injected_train,,,
INJ_SUB_042,4449,4484,THERMAL,subsystem_fault,battery_temperature_C;eps_temperature_C;payload_temperature_C;radiator_temperature_C,injected_train,,,
INJ_SUB_043,13146,13164,PAYLOAD,subsystem_fault,payload_power_W;data_queue_MB,injected_train,,,
INJ_SUB_044,6912,6946,POWER,subsystem_fault,power_bus_voltage_V;power_bus_current_A;solar_array_current_A;battery_soc_pct,injected_train,,,
INJ_SUB_045,10684,10731,POWER,subsystem_fault,power_bus_voltage_V;power_bus_current_A;solar_array_current_A;battery_soc_pct,injected_train,,,
INJ_SUB_046,7125,7176,PAYLOAD,subsystem_fault,payload_power_W;data_queue_MB,injected_train,,,
INJ_SUB_047,7370,7419,COMMUNICATIONS,subsystem_fault,comm_rx_dbm;comm_tx_dbm;packet_loss_pct,injected_train,,,
INJ_SUB_048,4179,4220,RADIATION,subsystem_fault,radiation_rate_counts_s,injected_train,,,
INJ_SUB_049,656,689,PAYLOAD,subsystem_fault,payload_power_W;data_queue_MB,injected_train,,,
INJ_SUB_050,2474,2504,THERMAL,subsystem_fault,battery_temperature_C;eps_temperature_C;payload_temperature_C;radiator_temperature_C,injected_train,,,
INJ_SUB_051,12417,12433,THERMAL,subsystem_fault,battery_temperature_C;eps_temperature_C;payload_temperature_C;radiator_temperature_C,injected_train,,,
INJ_SUB_052,4276,4336,COMMUNICATIONS,subsystem_fault,comm_rx_dbm;comm_tx_dbm;packet_loss_pct,injected_train,,,
INJ_SUB_053,13008,13075,RADIATION,subsystem_fault,radiation_rate_counts_s,injected_train,,,
INJ_SUB_054,1694,1762,COMPUTE,subsystem_fault,cpu_utilization_pct;memory_utilization_pct,injected_train,,,
INJ_SUB_055,12618,12658,POWER,subsystem_fault,power_bus_voltage_V;power_bus_current_A;solar_array_current_A;battery_soc_pct,injected_train,,,
INJ_SUB_056,12589,12650,THERMAL,subsystem_fault,battery_temperature_C;eps_temperature_C;payload_temperature_C;radiator_temperature_C,injected_train,,,
INJ_SUB_057,12790,12848,PAYLOAD,subsystem_fault,payload_power_W;data_queue_MB,injected_train,,,
INJ_SUB_058,1382,1417,RADIATION,subsystem_fault,radiation_rate_counts_s,injected_train,,,
INJ_SUB_059,9625,9648,COMPUTE,subsystem_fault,cpu_utilization_pct;memory_utilization_pct,injected_train,,,
INJ_SENS_000,2970,3013,ATTITUDE,sensor_fault,gyro_y_deg_s,injected_train,,,
INJ_SENS_001,725,752,COMMUNICATIONS,sensor_fault,packet_loss_pct,injected_train,,,
INJ_SENS_002,10724,10759,THERMAL,sensor_fault,radiator_temperature_C,injected_train,,,
INJ_SENS_003,6546,6583,THERMAL,sensor_fault,radiator_temperature_C,injected_train,,,
INJ_SENS_004,313,355,COMMUNICATIONS,sensor_fault,packet_loss_pct,injected_train,,,
INJ_SENS_005,6462,6496,COMMUNICATIONS,sensor_fault,comm_tx_dbm,injected_train,,,
INJ_SENS_006,11866,11895,ATTITUDE,sensor_fault,imu_accel_y_mps2,injected_train,,,
INJ_SENS_007,2863,2893,ATTITUDE,sensor_fault,imu_accel_x_mps2,injected_train,,,
INJ_SENS_008,2883,2896,COMPUTE,sensor_fault,cpu_utilization_pct,injected_train,,,
INJ_SENS_009,12860,12890,THERMAL,sensor_fault,payload_temperature_C,injected_train,,,
INJ_SENS_010,2900,2926,COMMUNICATIONS,sensor_fault,packet_loss_pct,injected_train,,,
INJ_SENS_011,10542,10547,POWER,sensor_fault,power_bus_current_A,injected_train,,,
INJ_SENS_012,833,846,COMMUNICATIONS,sensor_fault,comm_tx_dbm,injected_train,,,
INJ_SENS_013,12638,12682,PAYLOAD,sensor_fault,payload_power_W,injected_train,,,
INJ_SENS_014,8457,8491,POWER,sensor_fault,solar_array_current_A,injected_train,,,
INJ_SENS_015,6124,6145,COMMUNICATIONS,sensor_fault,comm_tx_dbm,injected_train,,,
INJ_SENS_016,3900,3927,THERMAL,sensor_fault,radiator_temperature_C,injected_train,,,
INJ_SENS_017,10408,10453,POWER,sensor_fault,battery_soc_pct,injected_train,,,
INJ_SENS_018,5913,5946,ATTITUDE,sensor_fault,gyro_x_deg_s,injected_train,,,
INJ_SENS_019,13854,13885,ATTITUDE,sensor_fault,gyro_x_deg_s,injected_train,,,
INJ_SENS_020,8524,8555,COMMUNICATIONS,sensor_fault,comm_tx_dbm,injected_train,,,
INJ_SENS_021,13347,13380,THERMAL,sensor_fault,eps_temperature_C,injected_train,,,
INJ_SENS_022,5311,5356,COMPUTE,sensor_fault,memory_utilization_pct,injected_train,,,
INJ_SENS_023,9885,9929,ATTITUDE,sensor_fault,gyro_x_deg_s,injected_train,,,
INJ_SENS_024,365,407,ATTITUDE,sensor_fault,reaction_wheel_speed_rpm,injected_train,,,
INJ_SENS_025,7015,7048,ATTITUDE,sensor_fault,imu_accel_y_mps2,injected_train,,,
INJ_SENS_026,5422,5450,ATTITUDE,sensor_fault,reaction_wheel_speed_rpm,injected_train,,,
INJ_SENS_027,7551,7573,COMMUNICATIONS,sensor_fault,packet_loss_pct,injected_train,,,
INJ_SENS_028,11523,11545,ATTITUDE,sensor_fault,imu_accel_z_mps2,injected_train,,,
INJ_SENS_029,6520,6597,THERMAL,sensor_fault,payload_temperature_C,injected_train,,,
INJ_SENS_030,4616,4645,ATTITUDE,sensor_fault,imu_accel_y_mps2,injected_train,,,
INJ_SENS_031,680,727,RADIATION,sensor_fault,radiation_rate_counts_s,injected_train,,,
INJ_SENS_032,4835,4864,THERMAL,sensor_fault,payload_temperature_C,injected_train,,,
INJ_SENS_033,1576,1596,THERMAL,sensor_fault,eps_temperature_C,injected_train,,,
INJ_SENS_034,1369,1374,ATTITUDE,sensor_fault,imu_accel_x_mps2,injected_train,,,
INJ_SENS_035,5634,5674,PAYLOAD,sensor_fault,data_queue_MB,injected_train,,,
INJ_SENS_036,888,916,POWER,sensor_fault,solar_array_current_A,injected_train,,,
INJ_SENS_037,2776,2801,ATTITUDE,sensor_fault,gyro_y_deg_s,injected_train,,,
INJ_SENS_038,11692,11721,COMMUNICATIONS,sensor_fault,packet_loss_pct,injected_train,,,
INJ_SENS_039,12574,12586,COMPUTE,sensor_fault,memory_utilization_pct,injected_train,,,
INJ_SENS_040,884,928,ATTITUDE,sensor_fault,reaction_wheel_speed_rpm,injected_train,,,
INJ_SENS_041,1337,1391,THERMAL,sensor_fault,battery_temperature_C,injected_train,,,
INJ_SENS_042,9123,9162,PAYLOAD,sensor_fault,payload_power_W,injected_train,,,
INJ_SENS_043,7982,8000,COMPUTE,sensor_fault,cpu_utilization_pct,injected_train,,,
INJ_SENS_044,1922,1951,PAYLOAD,sensor_fault,data_queue_MB,injected_train,,,
INJ_SENS_045,13724,13739,ATTITUDE,sensor_fault,gyro_x_deg_s,injected_train,,,
INJ_SENS_046,3653,3668,PAYLOAD,sensor_fault,data_queue_MB,injected_train,,,
INJ_SENS_047,9800,9835,ATTITUDE,sensor_fault,gyro_y_deg_s,injected_train,,,
INJ_SENS_048,12703,12736,COMMUNICATIONS,sensor_fault,comm_rx_dbm,injected_train,,,
INJ_SENS_049,5386,5412,ATTITUDE,sensor_fault,imu_accel_z_mps2,injected_train,,,
INJ_SENS_050,5733,5756,ATTITUDE,sensor_fault,gyro_y_deg_s,injected_train,,,
INJ_SENS_051,8459,8475,ATTITUDE,sensor_fault,imu_accel_z_mps2,injected_train,,,
INJ_SENS_052,6521,6544,THERMAL,sensor_fault,payload_temperature_C,injected_train,,,
INJ_SENS_053,4681,4716,THERMAL,sensor_fault,radiator_temperature_C,injected_train,,,
INJ_SENS_054,47,82,THERMAL,sensor_fault,battery_temperature_C,injected_train,,,
INJ_SENS_055,8740,8779,THERMAL,sensor_fault,radiator_temperature_C,injected_train,,,
INJ_SENS_056,13393,13406,ATTITUDE,sensor_fault,imu_accel_y_mps2,injected_train,,,
INJ_SENS_057,13329,13344,POWER,sensor_fault,power_bus_current_A,injected_train,,,
INJ_SENS_058,13787,13816,PAYLOAD,sensor_fault,data_queue_MB,injected_train,,,
INJ_SENS_059,7965,8003,ATTITUDE,sensor_fault,reaction_wheel_speed_rpm,injected_train,,,
INJ_DRIFT_000,9945,10178,POWER,slow_drift,power_bus_current_A,injected_train,0.909968081445533,6.016669010909354,2.9825080596227562
INJ_DRIFT_001,7161,7464,POWER,slow_drift,battery_soc_pct,injected_train,-11.899122856503805,96.91372189242547,57.099838344162194
INJ_DRIFT_002,218,706,COMPUTE,slow_drift,memory_utilization_pct,injected_train,10.74545232989538,68.52937947522304,27.654425053043703
INJ_DRIFT_003,640,849,ATTITUDE,slow_drift,imu_accel_z_mps2,injected_train,0.049535949104827635,9.892553420534261,9.727400926390844
INJ_DRIFT_004,6954,7323,ATTITUDE,slow_drift,imu_accel_y_mps2,injected_train,0.04922452379961705,0.08203640209011157,-0.08208067410337028
INJ_DRIFT_005,721,956,ATTITUDE,slow_drift,gyro_y_deg_s,injected_train,-0.12672163338492692,0.21346446232351726,-0.213677126121722
INJ_DRIFT_006,2663,2894,ATTITUDE,slow_drift,reaction_wheel_speed_rpm,injected_train,446.368914859999,2546.0370562735197,1054.1124080133777
INJ_DRIFT_007,6446,6677,ATTITUDE,slow_drift,reaction_wheel_speed_rpm,injected_train,439.26992461456416,2546.0370562735197,1054.1124080133777
INJ_DRIFT_008,9736,10025,THERMAL,slow_drift,payload_temperature_C,injected_train,3.7268730139916904,25.25614467747053,12.743354645561531
INJ_DRIFT_009,3634,3967,ATTITUDE,slow_drift,gyro_z_deg_s,injected_train,-0.09721955447213057,0.1622655382692376,-0.16241723779218206
INJ_DRIFT_010,10633,10978,COMMUNICATIONS,slow_drift,comm_rx_dbm,injected_train,3.6438640994472564,-71.84788231014404,-84.11702947399398
INJ_DRIFT_011,1146,1585,POWER,slow_drift,power_bus_current_A,injected_train,-0.9074428062305604,6.016669010909354,2.9825080596227562
INJ_DRIFT_012,10828,11230,COMMUNICATIONS,slow_drift,packet_loss_pct,injected_train,0.14814712850023576,0.7235674229249496,0.2291561988268041
INJ_DRIFT_013,4736,5111,PAYLOAD,slow_drift,data_queue_MB,injected_train,-77.70646077952385,311.83150250918334,50.369307086524174
INJ_DRIFT_014,4747,5231,THERMAL,slow_drift,eps_temperature_C,injected_train,5.4340696075358235,33.075524460203695,14.915300685891506
INJ_DRIFT_015,3840,4297,THERMAL,slow_drift,payload_temperature_C,injected_train,-3.722618804270248,25.25614467747053,12.743354645561531
INJ_DRIFT_016,13348,13707,COMMUNICATIONS,slow_drift,comm_rx_dbm,injected_train,-3.6741669026117276,-71.84788231014404,-84.11702947399398
INJ_DRIFT_017,8838,9133,ATTITUDE,slow_drift,imu_accel_z_mps2,injected_train,0.04922646705377467,9.892553420534261,9.727400926390844
INJ_DRIFT_018,9866,10361,POWER,slow_drift,power_bus_voltage_V,injected_train,-0.3372689538449215,28.787251562580586,27.662641061110662
INJ_DRIFT_019,7661,7883,ATTITUDE,slow_drift,reaction_wheel_speed_rpm,injected_train,-437.55700666427816,2546.0370562735197,1054.1124080133777
INJ_DRIFT_020,253,708,ATTITUDE,slow_drift,imu_accel_x_mps2,injected_train,0.048077311514811066,0.08189831077816612,-0.08199875602684056
INJ_DRIFT_021,1830,2082,ATTITUDE,slow_drift,imu_accel_x_mps2,injected_train,-0.04542935430324169,0.08189831077816612,-0.08199875602684056
INJ_DRIFT_022,2910,3322,POWER,slow_drift,battery_soc_pct,injected_train,-11.469184954459774,96.91372189242547,57.099838344162194
INJ_DRIFT_023,575,792,COMMUNICATIONS,slow_drift,packet_loss_pct,injected_train,0.1466828768852419,0.7235674229249496,0.2291561988268041
INJ_DRIFT_024,12433,12720,COMMUNICATIONS,slow_drift,packet_loss_pct,injected_train,-0.14636301253488085,0.7235674229249496,0.2291561988268041
INJ_DRIFT_025,9786,10006,THERMAL,slow_drift,payload_temperature_C,injected_train,3.7306237208157795,25.25614467747053,12.743354645561531
INJ_DRIFT_026,1229,1463,THERMAL,slow_drift,eps_temperature_C,injected_train,-5.399229692981693,33.075524460203695,14.915300685891506
INJ_DRIFT_027,12121,12617,THERMAL,slow_drift,radiator_temperature_C,injected_train,3.389283595103408,17.6960058054455,6.3014343749113015
INJ_DRIFT_028,12765,13204,THERMAL,slow_drift,radiator_temperature_C,injected_train,3.3512195626824943,17.6960058054455,6.3014343749113015
INJ_DRIFT_029,2522,2812,POWER,slow_drift,power_bus_voltage_V,injected_train,-0.3357674621772972,28.787251562580586,27.662641061110662
INJ_NOISE_000,12847,12870,NONE,noise,payload_temperature_C;power_bus_current_A,injected_train,,,
INJ_NOISE_001,13808,13829,NONE,noise,power_bus_current_A;comm_rx_dbm,injected_train,,,
INJ_NOISE_002,13675,13728,NONE,noise,solar_array_current_A,injected_train,,,
INJ_NOISE_003,13333,13363,NONE,noise,imu_accel_z_mps2;radiator_temperature_C;radiation_rate_counts_s,injected_train,,,
INJ_NOISE_004,12765,12803,NONE,noise,solar_array_current_A;imu_accel_z_mps2;reaction_wheel_speed_rpm,injected_train,,,
INJ_NOISE_005,411,470,NONE,noise,imu_accel_z_mps2,injected_train,,,
INJ_NOISE_006,208,221,NONE,noise,comm_rx_dbm,injected_train,,,
INJ_NOISE_007,3702,3744,NONE,noise,reaction_wheel_speed_rpm,injected_train,,,
INJ_NOISE_008,3993,4038,NONE,noise,cpu_utilization_pct,injected_train,,,
INJ_NOISE_009,7551,7580,NONE,noise,data_queue_MB;imu_accel_y_mps2,injected_train,,,
INJ_NOISE_010,1867,1889,NONE,noise,packet_loss_pct,injected_train,,,
INJ_NOISE_011,12293,12343,NONE,noise,radiator_temperature_C;imu_accel_z_mps2;solar_array_current_A,injected_train,,,
INJ_NOISE_012,13001,13060,NONE,noise,gyro_z_deg_s;radiator_temperature_C;power_bus_current_A,injected_train,,,
INJ_NOISE_013,545,573,NONE,noise,cpu_utilization_pct;reaction_wheel_speed_rpm;packet_loss_pct,injected_train,,,
INJ_NOISE_014,8719,8762,NONE,noise,power_bus_current_A,injected_train,,,
INJ_NOISE_015,1255,1314,NONE,noise,imu_accel_y_mps2,injected_train,,,
INJ_NOISE_016,4770,4780,NONE,noise,memory_utilization_pct;power_bus_voltage_V,injected_train,,,
INJ_NOISE_017,8707,8751,NONE,noise,comm_tx_dbm,injected_train,,,
INJ_NOISE_018,9620,9658,NONE,noise,reaction_wheel_speed_rpm;eps_temperature_C;packet_loss_pct,injected_train,,,
INJ_NOISE_019,10957,10979,NONE,noise,power_bus_current_A;payload_power_W;reaction_wheel_speed_rpm,injected_train,,,
INJ_NOISE_020,11430,11460,NONE,noise,radiator_temperature_C;packet_loss_pct;imu_accel_x_mps2,injected_train,,,
INJ_NOISE_021,97,138,NONE,noise,power_bus_current_A;power_bus_voltage_V,injected_train,,,
INJ_NOISE_022,11795,11815,NONE,noise,packet_loss_pct;radiator_temperature_C,injected_train,,,
INJ_NOISE_023,2980,2998,NONE,noise,gyro_y_deg_s;radiation_rate_counts_s,injected_train,,,
INJ_NOISE_024,12669,12703,NONE,noise,solar_array_current_A;memory_utilization_pct,injected_train,,,
INJ_NOISE_025,7312,7322,NONE,noise,solar_array_current_A;battery_soc_pct,injected_train,,,
INJ_NOISE_026,13376,13404,NONE,noise,memory_utilization_pct;data_queue_MB;radiation_rate_counts_s,injected_train,,,
INJ_NOISE_027,7209,7237,NONE,noise,battery_temperature_C;battery_soc_pct,injected_train,,,
INJ_NOISE_028,7483,7523,NONE,noise,comm_tx_dbm;data_queue_MB,injected_train,,,
INJ_NOISE_029,13936,13966,NONE,noise,cpu_utilization_pct;solar_array_current_A;payload_temperature_C,injected_train,,,
INJ_NOISE_030,3924,3936,NONE,noise,battery_soc_pct;comm_rx_dbm;solar_array_current_A,injected_train,,,
INJ_NOISE_031,5746,5799,NONE,noise,reaction_wheel_speed_rpm;battery_soc_pct,injected_train,,,
INJ_NOISE_032,10887,10946,NONE,noise,cpu_utilization_pct;payload_power_W;eps_temperature_C,injected_train,,,
INJ_NOISE_033,13032,13080,NONE,noise,radiator_temperature_C,injected_train,,,
INJ_NOISE_034,11123,11163,NONE,noise,imu_accel_x_mps2;reaction_wheel_speed_rpm;imu_accel_z_mps2,injected_train,,,
INJ_NOISE_035,3638,3686,NONE,noise,gyro_z_deg_s,injected_train,,,
INJ_NOISE_036,13581,13633,NONE,noise,payload_power_W;reaction_wheel_speed_rpm;imu_accel_z_mps2,injected_train,,,
INJ_NOISE_037,6234,6254,NONE,noise,power_bus_voltage_V,injected_train,,,
INJ_NOISE_038,6017,6045,NONE,noise,gyro_y_deg_s,injected_train,,,
INJ_NOISE_039,3467,3496,NONE,noise,gyro_z_deg_s;radiation_rate_counts_s,injected_train,,,
