fault_type,fault_id,start_row,end_row,gru_detected,limit_detected
subsystem_fault,INJ_SUB_000,4125,4137,True,True
subsystem_fault,INJ_SUB_001,8865,8927,True,True
subsystem_fault,INJ_SUB_002,8505,8581,True,True
subsystem_fault,INJ_SUB_003,13655,13702,True,True
subsystem_fault,INJ_SUB_004,7761,7836,True,True
subsystem_fault,INJ_SUB_005,12271,12334,True,True
subsystem_fault,INJ_SUB_006,13903,13947,True,True
subsystem_fault,INJ_SUB_007,1772,1812,True,True
subsystem_fault,INJ_SUB_008,12173,12228,True,True
subsystem_fault,INJ_SUB_009,2533,2597,True,True
subsystem_fault,INJ_SUB_010,5765,5811,True,True
subsystem_fault,INJ_SUB_011,10569,10635,True,True
subsystem_fault,INJ_SUB_012,3987,4023,True,True
subsystem_fault,INJ_SUB_013,1071,1119,True,True
subsystem_fault,INJ_SUB_014,8671,8752,True,True
subsystem_fault,INJ_SUB_015,3238,3300,True,True
subsystem_fault,INJ_SUB_016,13456,13466,True,True
subsystem_fault,INJ_SUB_017,3501,3553,True,True
subsystem_fault,INJ_SUB_018,1009,1041,True,True
subsystem_fault,INJ_SUB_019,11172,11260,True,True
subsystem_fault,INJ_SUB_020,5759,5799,True,True
subsystem_fault,INJ_SUB_021,392,445,True,True
subsystem_fault,INJ_SUB_022,2621,2732,True,True
subsystem_fault,INJ_SUB_023,1630,1664,True,True
subsystem_fault,INJ_SUB_024,4425,4435,True,True
subsystem_fault,INJ_SUB_025,3143,3176,True,True
subsystem_fault,INJ_SUB_026,3360,3429,True,True
subsystem_fault,INJ_SUB_027,11322,11387,True,True
subsystem_fault,INJ_SUB_028,12628,12714,True,True
subsystem_fault,INJ_SUB_029,1729,1786,True,True
subsystem_fault,INJ_SUB_030,8111,8131,True,True
subsystem_fault,INJ_SUB_031,13367,13421,True,True
subsystem_fault,INJ_SUB_032,3487,3550,True,True
subsystem_fault,INJ_SUB_033,1831,1878,True,True
subsystem_fault,INJ_SUB_034,10015,10025,True,True
subsystem_fault,INJ_SUB_035,201,237,True,True
subsystem_fault,INJ_SUB_036,12133,12184,True,True
subsystem_fault,INJ_SUB_037,11816,11842,True,True
subsystem_fault,INJ_SUB_038,10589,10656,True,True
subsystem_fault,INJ_SUB_039,3383,3414,True,True
subsystem_fault,INJ_SUB_040,9577,9653,True,True
subsystem_fault,INJ_SUB_041,13758,13801,True,True
subsystem_fault,INJ_SUB_042,4449,4484,True,True
subsystem_fault,INJ_SUB_043,13146,13164,True,True
subsystem_fault,INJ_SUB_044,6912,6946,True,True
subsystem_fault,INJ_SUB_045,10684,10731,True,True
subsystem_fault,INJ_SUB_046,7125,7176,True,True
subsystem_fault,INJ_SUB_047,7370,7419,True,True
subsystem_fault,INJ_SUB_048,4179,4220,True,True
subsystem_fault,INJ_SUB_049,656,689,True,True
subsystem_fault,INJ_SUB_050,2474,2504,True,True
subsystem_fault,INJ_SUB_051,12417,12433,True,True
subsystem_fault,INJ_SUB_052,4276,4336,True,True
subsystem_fault,INJ_SUB_053,13008,13075,True,True
subsystem_fault,INJ_SUB_054,1694,1762,True,True
subsystem_fault,INJ_SUB_055,12618,12658,True,True
subsystem_fault,INJ_SUB_056,12589,12650,True,True
subsystem_fault,INJ_SUB_057,12790,12848,True,True
subsystem_fault,INJ_SUB_058,1382,1417,True,True
subsystem_fault,INJ_SUB_059,9625,9648,True,True
sensor_fault,INJ_SENS_000,2970,3013,True,True
sensor_fault,INJ_SENS_001,725,752,True,True
sensor_fault,INJ_SENS_002,10724,10759,True,True
sensor_fault,INJ_SENS_003,6546,6583,True,True
sensor_fault,INJ_SENS_004,313,355,True,True
sensor_fault,INJ_SENS_005,6462,6496,True,True
sensor_fault,INJ_SENS_006,11866,11895,True,True
sensor_fault,INJ_SENS_007,2863,2893,True,True
sensor_fault,INJ_SENS_008,2883,2896,True,True
sensor_fault,INJ_SENS_009,12860,12890,True,True
sensor_fault,INJ_SENS_010,2900,2926,True,True
sensor_fault,INJ_SENS_011,10542,10547,True,True
sensor_fault,INJ_SENS_012,833,846,True,True
sensor_fault,INJ_SENS_013,12638,12682,True,True
sensor_fault,INJ_SENS_014,8457,8491,True,True
sensor_fault,INJ_SENS_015,6124,6145,True,True
sensor_fault,INJ_SENS_016,3900,3927,True,True
sensor_fault,INJ_SENS_017,10408,10453,True,True
sensor_fault,INJ_SENS_018,5913,5946,True,True
sensor_fault,INJ_SENS_019,13854,13885,True,True
sensor_fault,INJ_SENS_020,8524,8555,True,True
sensor_fault,INJ_SENS_021,13347,13380,True,True
sensor_fault,INJ_SENS_022,5311,5356,True,True
sensor_fault,INJ_SENS_023,9885,9929,True,True
sensor_fault,INJ_SENS_024,365,407,True,True
sensor_fault,INJ_SENS_025,7015,7048,True,True
sensor_fault,INJ_SENS_026,5422,5450,True,True
sensor_fault,INJ_SENS_027,7551,7573,True,True
sensor_fault,INJ_SENS_028,11523,11545,True,True
sensor_fault,INJ_SENS_029,6520,6597,True,True
sensor_fault,INJ_SENS_030,4616,4645,True,True
sensor_fault,INJ_SENS_031,680,727,True,True
sensor_fault,INJ_SENS_032,4835,4864,True,True
sensor_fault,INJ_SENS_033,1576,1596,True,True
sensor_fault,INJ_SENS_034,1369,1374,True,True
sensor_fault,INJ_SENS_035,5634,5674,True,True
sensor_fault,INJ_SENS_036,888,916,True,True
sensor_fault,INJ_SENS_037,2776,2801,True,True
sensor_fault,INJ_SENS_038,11692,11721,True,True
sensor_fault,INJ_SENS_039,12574,12586,True,True
sensor_fault,INJ_SENS_040,884,928,True,True
sensor_fault,INJ_SENS_041,1337,1391,True,True
sensor_fault,INJ_SENS_042,9123,9162,True,True
sensor_fault,INJ_SENS_043,7982,8000,True,True
sensor_fault,INJ_SENS_044,1922,1951,True,True
sensor_fault,INJ_SENS_045,13724,13739,True,True
sensor_fault,INJ_SENS_046,3653,3668,True,True
sensor_fault,INJ_SENS_047,9800,9835,True,True
sensor_fault,INJ_SENS_048,12703,12736,True,True
sensor_fault,INJ_SENS_049,5386,5412,True,True
sensor_fault,INJ_SENS_050,5733,5756,True,True
sensor_fault,INJ_SENS_051,8459,8475,True,True
sensor_fault,INJ_SENS_052,6521,6544,True,True
sensor_fault,INJ_SENS_053,4681,4716,True,True
sensor_fault,INJ_SENS_054,47,82,True,True
sensor_fault,INJ_SENS_055,8740,8779,True,True
sensor_fault,INJ_SENS_056,13393,13406,True,True
sensor_fault,INJ_SENS_057,13329,13344,True,True
sensor_fault,INJ_SENS_058,13787,13816,True,True
sensor_fault,INJ_SENS_059,7965,8003,True,True
slow_drift,INJ_DRIFT_000,9945,10178,True,True
slow_drift,INJ_DRIFT_001,7161,7464,True,True
slow_drift,INJ_DRIFT_002,218,706,True,True
slow_drift,INJ_DRIFT_003,640,849,True,True
slow_drift,INJ_DRIFT_004,6954,7323,True,True
slow_drift,INJ_DRIFT_005,721,956,True,True
slow_drift,INJ_DRIFT_006,2663,2894,True,True
slow_drift,INJ_DRIFT_007,6446,6677,True,True
slow_drift,INJ_DRIFT_008,9736,10025,True,True
slow_drift,INJ_DRIFT_009,3634,3967,True,True
slow_drift,INJ_DRIFT_010,10633,10978,True,True
slow_drift,INJ_DRIFT_011,1146,1585,True,True
slow_drift,INJ_DRIFT_012,10828,11230,True,True
slow_drift,INJ_DRIFT_013,4736,5111,True,True
slow_drift,INJ_DRIFT_014,4747,5231,True,True
slow_drift,INJ_DRIFT_015,3840,4297,True,True
slow_drift,INJ_DRIFT_016,13348,13707,True,True
slow_drift,INJ_DRIFT_017,8838,9133,True,True
slow_drift,INJ_DRIFT_018,9866,10361,True,True
slow_drift,INJ_DRIFT_019,7661,7883,True,True
slow_drift,INJ_DRIFT_020,253,708,True,True
slow_drift,INJ_DRIFT_021,1830,2082,True,True
slow_drift,INJ_DRIFT_022,2910,3322,True,True
slow_drift,INJ_DRIFT_023,575,792,True,True
slow_drift,INJ_DRIFT_024,12433,12720,True,True
slow_drift,INJ_DRIFT_025,9786,10006,True,True
slow_drift,INJ_DRIFT_026,1229,1463,True,True
slow_drift,INJ_DRIFT_027,12121,12617,True,True
slow_drift,INJ_DRIFT_028,12765,13204,True,True
slow_drift,INJ_DRIFT_029,2522,2812,True,True
noise,INJ_NOISE_000,12847,12870,True,True
noise,INJ_NOISE_001,13808,13829,True,True
noise,INJ_NOISE_002,13675,13728,True,True
noise,INJ_NOISE_003,13333,13363,True,True
noise,INJ_NOISE_004,12765,12803,True,True
noise,INJ_NOISE_005,411,470,True,True
noise,INJ_NOISE_006,208,221,True,True
noise,INJ_NOISE_007,3702,3744,True,True
noise,INJ_NOISE_008,3993,4038,True,True
noise,INJ_NOISE_009,7551,7580,True,True
noise,INJ_NOISE_010,1867,1889,True,True
noise,INJ_NOISE_011,12293,12343,True,True
noise,INJ_NOISE_012,13001,13060,True,True
noise,INJ_NOISE_013,545,573,True,True
noise,INJ_NOISE_014,8719,8762,True,True
noise,INJ_NOISE_015,1255,1314,True,True
noise,INJ_NOISE_016,4770,4780,True,True
noise,INJ_NOISE_017,8707,8751,True,True
noise,INJ_NOISE_018,9620,9658,True,True
noise,INJ_NOISE_019,10957,10979,True,True
noise,INJ_NOISE_020,11430,11460,True,True
noise,INJ_NOISE_021,97,138,True,True
noise,INJ_NOISE_022,11795,11815,True,True
noise,INJ_NOISE_023,2980,2998,True,True
noise,INJ_NOISE_024,12669,12703,True,True
noise,INJ_NOISE_025,7312,7322,True,True
noise,INJ_NOISE_026,13376,13404,True,True
noise,INJ_NOISE_027,7209,7237,True,True
noise,INJ_NOISE_028,7483,7523,True,True
noise,INJ_NOISE_029,13936,13966,True,True
noise,INJ_NOISE_030,3924,3936,True,True
noise,INJ_NOISE_031,5746,5799,True,True
noise,INJ_NOISE_032,10887,10946,True,True
noise,INJ_NOISE_033,13032,13080,True,True
noise,INJ_NOISE_034,11123,11163,True,True
noise,INJ_NOISE_035,3638,3686,True,True
noise,INJ_NOISE_036,13581,13633,True,True
noise,INJ_NOISE_037,6234,6254,True,True
noise,INJ_NOISE_038,6017,6045,True,True
noise,INJ_NOISE_039,3467,3496,True,True
