true,pred,nff
subsystem_fault,subsystem_fault,0.0
subsystem_fault,subsystem_fault,0.0
subsystem_fault,subsystem_fault,0.0
subsystem_fault,subsystem_fault,0.0
subsystem_fault,subsystem_fault,0.0
subsystem_fault,subsystem_fault,0.0
subsystem_fault,subsystem_fault,0.0
subsystem_fault,subsystem_fault,0.0
subsystem_fault,subsystem_fault,0.0
subsystem_fault,subsystem_fault,0.0
subsystem_fault,subsystem_fault,0.0
subsystem_fault,subsystem_fault,0.0
subsystem_fault,subsystem_fault,0.0
subsystem_fault,subsystem_fault,0.0
subsystem_fault,subsystem_fault,0.0
subsystem_fault,subsystem_fault,0.0
subsystem_fault,subsystem_fault,0.0
subsystem_fault,subsystem_fault,0.0
subsystem_fault,subsystem_fault,0.0
subsystem_fault,subsystem_fault,0.0
subsystem_fault,subsystem_fault,0.0
subsystem_fault,subsystem_fault,0.0
subsystem_fault,subsystem_fault,0.0
subsystem_fault,subsystem_fault,0.0
subsystem_fault,subsystem_fault,0.0
subsystem_fault,subsystem_fault,0.0
subsystem_fault,subsystem_fault,0.0
subsystem_fault,subsystem_fault,0.0
subsystem_fault,subsystem_fault,0.0
subsystem_fault,subsystem_fault,0.0
subsystem_fault,subsystem_fault,0.0
subsystem_fault,subsystem_fault,0.0
subsystem_fault,subsystem_fault,0.0
subsystem_fault,subsystem_fault,0.0
subsystem_fault,subsystem_fault,0.0
subsystem_fault,subsystem_fault,0.0
subsystem_fault,subsystem_fault,0.0
subsystem_fault,subsystem_fault,0.0
subsystem_fault,subsystem_fault,0.0
subsystem_fault,subsystem_fault,0.0
subsystem_fault,subsystem_fault,0.0
subsystem_fault,subsystem_fault,0.0
subsystem_fault,subsystem_fault,0.0
subsystem_fault,subsystem_fault,0.0
subsystem_fault,subsystem_fault,0.0
subsystem_fault,subsystem_fault,0.0
subsystem_fault,subsystem_fault,0.0
subsystem_fault,subsystem_fault,0.0
subsystem_fault,subsystem_fault,0.0
subsystem_fault,subsystem_fault,0.0
subsystem_fault,subsystem_fault,0.0
subsystem_fault,subsystem_fault,0.0
subsystem_fault,subsystem_fault,0.0
subsystem_fault,subsystem_fault,0.0
subsystem_fault,subsystem_fault,0.0
subsystem_fault,subsystem_fault,0.0
subsystem_fault,subsystem_fault,0.0
subsystem_fault,subsystem_fault,0.0
subsystem_fault,subsystem_fault,0.0
subsystem_fault,subsystem_fault,0.0
sensor_fault,subsystem_fault,0.0
sensor_fault,subsystem_fault,0.0
sensor_fault,subsystem_fault,0.0
sensor_fault,subsystem_fault,0.0
sensor_fault,subsystem_fault,0.0
sensor_fault,subsystem_fault,0.0
sensor_fault,subsystem_fault,0.0
sensor_fault,subsystem_fault,0.0
sensor_fault,subsystem_fault,0.0
sensor_fault,subsystem_fault,0.0
sensor_fault,subsystem_fault,0.0
sensor_fault,subsystem_fault,0.0
sensor_fault,subsystem_fault,0.0
sensor_fault,subsystem_fault,0.0
sensor_fault,subsystem_fault,0.0
sensor_fault,subsystem_fault,0.0
sensor_fault,subsystem_fault,0.0
sensor_fault,subsystem_fault,0.0
sensor_fault,subsystem_fault,0.0
sensor_fault,subsystem_fault,0.0
sensor_fault,subsystem_fault,0.0
sensor_fault,subsystem_fault,0.0
sensor_fault,subsystem_fault,0.0
sensor_fault,subsystem_fault,0.0
sensor_fault,subsystem_fault,0.0
sensor_fault,subsystem_fault,0.0
sensor_fault,subsystem_fault,0.0
sensor_fault,subsystem_fault,0.0
sensor_fault,subsystem_fault,0.0
sensor_fault,subsystem_fault,0.0
sensor_fault,subsystem_fault,0.0
sensor_fault,subsystem_fault,0.0
sensor_fault,subsystem_fault,0.0
sensor_fault,subsystem_fault,0.0
sensor_fault,subsystem_fault,0.0
sensor_fault,subsystem_fault,0.0
sensor_fault,subsystem_fault,0.0
sensor_fault,subsystem_fault,0.0
sensor_fault,subsystem_fault,0.0
sensor_fault,subsystem_fault,0.0
sensor_fault,subsystem_fault,0.0
sensor_fault,subsystem_fault,0.0
sensor_fault,subsystem_fault,0.0
sensor_fault,subsystem_fault,0.0
sensor_fault,subsystem_fault,0.0
sensor_fault,subsystem_fault,0.0
sensor_fault,subsystem_fault,0.0
sensor_fault,subsystem_fault,0.0
sensor_fault,subsystem_fault,0.0
sensor_fault,subsystem_fault,0.0
sensor_fault,subsystem_fault,0.0
sensor_fault,subsystem_fault,0.0
sensor_fault,subsystem_fault,0.0
sensor_fault,subsystem_fault,0.0
sensor_fault,subsystem_fault,0.0
sensor_fault,subsystem_fault,0.0
sensor_fault,subsystem_fault,0.0
sensor_fault,subsystem_fault,0.0
sensor_fault,subsystem_fault,0.0
sensor_fault,subsystem_fault,0.0
noise,subsystem_fault,0.0
noise,subsystem_fault,0.0
noise,subsystem_fault,0.0
noise,subsystem_fault,0.0
noise,subsystem_fault,0.0
noise,subsystem_fault,0.0
noise,subsystem_fault,0.0
noise,subsystem_fault,0.0
noise,subsystem_fault,0.0
noise,subsystem_fault,0.0
noise,subsystem_fault,0.0
noise,subsystem_fault,0.0
noise,subsystem_fault,0.0
noise,subsystem_fault,0.0
noise,subsystem_fault,0.0
noise,subsystem_fault,0.0
noise,subsystem_fault,0.0
noise,subsystem_fault,0.0
noise,subsystem_fault,0.0
noise,subsystem_fault,0.0
noise,subsystem_fault,0.0
noise,subsystem_fault,0.0
noise,subsystem_fault,0.0
noise,subsystem_fault,0.0
noise,subsystem_fault,0.0
noise,subsystem_fault,0.0
noise,subsystem_fault,0.0
noise,subsystem_fault,0.0
noise,subsystem_fault,0.0
noise,subsystem_fault,0.0
noise,subsystem_fault,0.0
noise,subsystem_fault,0.0
noise,subsystem_fault,0.0
noise,subsystem_fault,0.0
noise,subsystem_fault,0.0
noise,subsystem_fault,0.0
noise,subsystem_fault,0.0
noise,subsystem_fault,0.0
noise,subsystem_fault,0.0
noise,subsystem_fault,0.0
subsystem_fault,subsystem_fault,0.0
subsystem_fault,subsystem_fault,0.0
subsystem_fault,subsystem_fault,0.0
subsystem_fault,subsystem_fault,0.0
subsystem_fault,subsystem_fault,0.0
subsystem_fault,subsystem_fault,0.0
sensor_fault,subsystem_fault,0.0
subsystem_fault,subsystem_fault,0.0
