fault_id,start,end,limit_detected,gru_detected,cusum_detected,gru_delay,cusum_delay
INJ_DRIFT_000,9945,10178,True,False,False,,
INJ_DRIFT_001,7161,7464,True,True,False,93.0,
INJ_DRIFT_002,218,706,True,True,False,536.0,
INJ_DRIFT_003,640,849,True,True,False,114.0,
INJ_DRIFT_004,6954,7323,True,True,False,300.0,
INJ_DRIFT_005,721,956,True,True,False,33.0,
INJ_DRIFT_006,2663,2894,True,False,False,,
INJ_DRIFT_007,6446,6677,False,False,False,,
INJ_DRIFT_008,9736,10025,True,False,False,,
INJ_DRIFT_009,3634,3967,True,False,False,,
INJ_DRIFT_010,10633,10978,False,True,False,38.0,
INJ_DRIFT_011,1146,1585,True,False,False,,
INJ_DRIFT_012,10828,11230,True,False,False,,
INJ_DRIFT_013,4736,5111,False,False,False,,
INJ_DRIFT_014,4747,5231,False,False,False,,
INJ_DRIFT_015,3840,4297,True,False,False,,
INJ_DRIFT_016,13348,13707,True,False,True,,350.0
INJ_DRIFT_017,8838,9133,True,False,False,,
INJ_DRIFT_018,9866,10361,True,False,False,,
INJ_DRIFT_019,7661,7883,False,True,True,145.0,251.0
INJ_DRIFT_020,253,708,True,True,False,501.0,
INJ_DRIFT_021,1830,2082,False,False,False,,
INJ_DRIFT_022,2910,3322,False,False,False,,
INJ_DRIFT_023,575,792,True,True,False,179.0,
INJ_DRIFT_024,12433,12720,True,False,False,,
INJ_DRIFT_025,9786,10006,True,False,False,,
INJ_DRIFT_026,1229,1463,False,False,False,,
INJ_DRIFT_027,12121,12617,False,False,False,,
INJ_DRIFT_028,12765,13204,False,False,False,,
INJ_DRIFT_029,2522,2812,True,False,True,,-32.0
